Variant,alpaca_eval_2.0,mt_bench,arena_hard,final_loss
TAKTO (Full),0.3579268979479247,7.52834349397717,0.28725550982886666,0.3491294586680054
w/o Token-Level,0.3243930197178462,6.950267564316664,0.26020750110089524,0.30491550533785927
w/o Adaptive λ,0.33588946215604387,7.185425326095019,0.27346528598425224,0.3377144816867401
w/o Ref-Free,0.3440430973974139,7.311178798407391,0.2801313451863689,0.31656836350563616
Baseline (KTO),0.2675730444806024,5.664791167191746,0.2165012381515431,0.2550125343470809
