{
  "DPO": {
    "alpaca_eval_2.0": 0.22976143858357329,
    "mt_bench": 6.428777559035787,
    "arena_hard": 0.17547544871445672,
    "final_loss": 0.4176065313075176
  },
  "KTO": {
    "alpaca_eval_2.0": 0.26290616869896916,
    "mt_bench": 6.7184678577101025,
    "arena_hard": 0.19792751463848932,
    "final_loss": 0.46428364610455924
  },
  "SimPO": {
    "alpaca_eval_2.0": 0.31390596377131597,
    "mt_bench": 7.227470862093391,
    "arena_hard": 0.2451693505957735,
    "final_loss": 0.28931558664007856
  },
  "ORPO": {
    "alpaca_eval_2.0": 0.272919498453955,
    "mt_bench": 6.784486538460509,
    "arena_hard": 0.20322723675045531,
    "final_loss": 0.4097844188109624
  },
  "TAKTO": {
    "alpaca_eval_2.0": 0.3599675769931225,
    "mt_bench": 7.538575547646005,
    "arena_hard": 0.2907537799759792,
    "final_loss": 0.24122200291706292
  }
}