{
  "config": {
    "n_estimators": 50,
    "max_depth": 4,
    "learning_rate": 0.1
  },
  "regression": {
    "sklearn": {
      "mse": 0.2913071172831858,
      "r2": 0.7776975569304797,
      "train_time": 1.2916679382324219,
      "predict_time": 0.002960205078125
    },
    "xgboost": {
      "mse": 0.3009301480322445,
      "r2": 0.7703540245609315,
      "train_time": 0.07388114929199219,
      "predict_time": 0.0006740093231201172
    },
    "lightgbm": {
      "mse": 0.2926605127436133,
      "r2": 0.7766647530632136,
      "train_time": 0.13829302787780762,
      "predict_time": 0.0014431476593017578
    },
    "mlx": {
      "mse": 0.3167702009502077,
      "r2": 0.7582661549103229,
      "train_time": 2.456845998764038,
      "predict_time": 0.10210680961608887
    }
  },
  "classification": {
    "sklearn": {
      "accuracy": 0.956140350877193,
      "train_time": 0.12338471412658691,
      "predict_time": 0.00017499923706054688
    },
    "xgboost": {
      "accuracy": 0.956140350877193,
      "train_time": 0.06963825225830078,
      "predict_time": 0.0005247592926025391
    },
    "lightgbm": {
      "accuracy": 0.9649122807017544,
      "train_time": 0.07733416557312012,
      "predict_time": 0.0007967948913574219
    }
  }
}