{
  "california_housing": {
    "dataset": "california_housing",
    "n_train": 16512,
    "n_test": 4128,
    "sklearn": {
      "mse": 0.22983285890619812,
      "r2": 0.8246098258463346,
      "train_time": 3.8305461406707764,
      "predict_time": 0.006699085235595703
    },
    "xgboost": {
      "mse": 0.22726228796011422,
      "r2": 0.8265714813208984,
      "train_time": 0.20833921432495117,
      "predict_time": 0.0017101764678955078
    },
    "lightgbm": {
      "mse": 0.22898545566510586,
      "r2": 0.8252564966606859,
      "train_time": 0.6082580089569092,
      "predict_time": 0.002897024154663086
    },
    "mlx_original": {
      "mse": 0.3167702009502077,
      "r2": 0.7582661549103229,
      "train_time": 2.523818016052246,
      "predict_time": 0.10009407997131348
    },
    "mlx_optimized": {
      "mse": 0.2308374830479129,
      "r2": 0.8238431765342523,
      "train_time": 8.901602983474731,
      "predict_time": 0.28919005393981934
    },
    "ablation_bins": {
      "bins_32": {
        "r2": 0.8175163722367522,
        "mse": 0.23912818420293014,
        "train_time": 8.833165168762207
      },
      "bins_64": {
        "r2": 0.8266750156605681,
        "mse": 0.22712661563185488,
        "train_time": 8.886467695236206
      },
      "bins_128": {
        "r2": 0.8268912622965859,
        "mse": 0.2268432440985027,
        "train_time": 8.816538095474243
      },
      "bins_256": {
        "r2": 0.8238431765342523,
        "mse": 0.2308374830479129,
        "train_time": 8.91607403755188
      },
      "bins_512": {
        "r2": -0.9764838280771491,
        "mse": 2.590002153660239,
        "train_time": 9.200987100601196
      }
    },
    "ablation_depth": {
      "depth_3": {
        "r2": 0.7797400830319915,
        "mse": 0.2886305727414734,
        "train_time": 3.811608076095581
      },
      "depth_4": {
        "r2": 0.8032002674579566,
        "mse": 0.25788813643850145,
        "train_time": 5.233428955078125
      },
      "depth_5": {
        "r2": 0.8173042624838376,
        "mse": 0.23940613472752192,
        "train_time": 6.85807991027832
      },
      "depth_6": {
        "r2": 0.8238431765342523,
        "mse": 0.2308374830479129,
        "train_time": 8.911792755126953
      },
      "depth_7": {
        "r2": 0.8352546164995891,
        "mse": 0.21588382966267852,
        "train_time": 11.701213836669922
      },
      "depth_8": {
        "r2": 0.83587056856955,
        "mse": 0.21507668054003573,
        "train_time": 15.817096948623657
      }
    }
  },
  "diabetes": {
    "dataset": "diabetes",
    "n_train": 353,
    "n_test": 89,
    "sklearn": {
      "mse": 3632.919541589764,
      "r2": 0.31430436234543035,
      "train_time": 0.07558703422546387,
      "predict_time": 0.0003902912139892578
    },
    "xgboost": {
      "mse": 3393.5748646891752,
      "r2": 0.35947948911819627,
      "train_time": 0.19851016998291016,
      "predict_time": 0.000492095947265625
    },
    "lightgbm": {
      "mse": 3257.2605934280805,
      "r2": 0.3852081352067612,
      "train_time": 0.18522024154663086,
      "predict_time": 0.000598907470703125
    },
    "mlx_original": {
      "mse": 2995.199138751491,
      "r2": 0.4346709416939408,
      "train_time": 0.7293150424957275,
      "predict_time": 0.0024111270904541016
    },
    "mlx_optimized": {
      "mse": 3322.1257251947463,
      "r2": 0.3729651616481372,
      "train_time": 0.8925580978393555,
      "predict_time": 0.006590127944946289
    }
  },
  "synthetic_regression": {
    "dataset": "synthetic_regression",
    "n_train": 404,
    "n_test": 102,
    "sklearn": {
      "mse": 4413.09692939524,
      "r2": 0.8228970626141935,
      "train_time": 0.13279390335083008,
      "predict_time": 0.000392913818359375
    },
    "xgboost": {
      "mse": 3959.4975396757573,
      "r2": 0.8411005568045508,
      "train_time": 0.2071058750152588,
      "predict_time": 0.0005462169647216797
    },
    "lightgbm": {
      "mse": 2251.0069639413364,
      "r2": 0.9096643577587251,
      "train_time": 0.18769407272338867,
      "predict_time": 0.000614166259765625
    },
    "mlx_original": {
      "mse": 3354.8903214853176,
      "r2": 0.8653641784786983,
      "train_time": 1.0302789211273193,
      "predict_time": 0.0025987625122070312
    },
    "mlx_optimized": {
      "mse": 4104.033904008354,
      "r2": 0.835300137033151,
      "train_time": 1.2662842273712158,
      "predict_time": 0.007131099700927734
    }
  },
  "large_synthetic_50k": {
    "dataset": "large_synthetic_50k",
    "n_train": 40000,
    "n_test": 10000,
    "sklearn": {
      "mse": 2214.578202806649,
      "r2": 0.9603488188198837,
      "train_time": 31.689817667007446,
      "predict_time": 0.01872730255126953
    },
    "xgboost": {
      "mse": 2246.1654417208565,
      "r2": 0.9597832613102958,
      "train_time": 0.24837779998779297,
      "predict_time": 0.0014271736145019531
    },
    "lightgbm": {
      "mse": 2147.908826528388,
      "r2": 0.9615425086677402,
      "train_time": 0.5833499431610107,
      "predict_time": 0.0037152767181396484
    },
    "mlx_original": {
      "mse": 10617.883663865076,
      "r2": 0.8098908278010947,
      "train_time": 11.104604959487915,
      "predict_time": 0.25908517837524414
    },
    "mlx_optimized": {
      "mse": 2258.9217106146752,
      "r2": 0.9595548651631424,
      "train_time": 45.65101194381714,
      "predict_time": 0.7276859283447266
    }
  }
}